ZIP Code,County,Type
ZIP Code 00501,Suffolk,Unique
ZIP Code 00544,Suffolk,Unique
ZIP Code 06390,Suffolk,P.O. Box
ZIP Code 10001,New York,Standard
ZIP Code 10002,New York,Standard
ZIP Code 10003,New York,Standard
ZIP Code 10004,New York,Standard
ZIP Code 10005,New York,Standard
ZIP Code 10006,New York,Standard
ZIP Code 10007,New York,Standard
ZIP Code 10008,New York,P.O. Box
ZIP Code 10009,New York,Standard
ZIP Code 10010,New York,Standard
ZIP Code 10011,New York,Standard
ZIP Code 10012,New York,Standard
ZIP Code 10013,New York,Standard
ZIP Code 10014,New York,Standard
ZIP Code 10016,New York,Standard
ZIP Code 10017,New York,Standard
ZIP Code 10018,New York,Standard
ZIP Code 10019,New York,Standard
ZIP Code 10020,New York,Standard
ZIP Code 10021,New York,Standard
ZIP Code 10022,New York,Standard
ZIP Code 10023,New York,Standard
ZIP Code 10024,New York,Standard
ZIP Code 10025,New York,Standard
ZIP Code 10026,New York,Standard
ZIP Code 10027,New York,Standard
ZIP Code 10028,New York,Standard
ZIP Code 10029,New York,Standard
ZIP Code 10030,New York,Standard
ZIP Code 10031,New York,Standard
ZIP Code 10032,New York,Standard
ZIP Code 10033,New York,Standard
ZIP Code 10034,New York,Standard
ZIP Code 10035,New York,Standard
ZIP Code 10036,New York,Standard
ZIP Code 10037,New York,Standard
ZIP Code 10038,New York,Standard
ZIP Code 10039,New York,Standard
ZIP Code 10040,New York,Standard
ZIP Code 10041,New York,Standard
ZIP Code 10043,New York,Unique
ZIP Code 10044,New York,Standard
ZIP Code 10045,New York,Standard
ZIP Code 10055,New York,Standard
ZIP Code 10060,New York,Standard
ZIP Code 10065,New York,Standard
ZIP Code 10069,New York,Standard
ZIP Code 10075,New York,Standard
ZIP Code 10080,New York,Unique
ZIP Code 10081,New York,Unique
ZIP Code 10087,New York,Unique
ZIP Code 10090,New York,Standard
ZIP Code 10101,New York,P.O. Box
ZIP Code 10102,New York,Unique
ZIP Code 10103,New York,Standard
ZIP Code 10104,New York,Standard
ZIP Code 10105,New York,Standard
ZIP Code 10106,New York,Standard
ZIP Code 10107,New York,Standard
ZIP Code 10108,New York,P.O. Box
ZIP Code 10109,New York,Unique
ZIP Code 10110,New York,Standard
ZIP Code 10111,New York,Standard
ZIP Code 10112,New York,Standard
ZIP Code 10113,New York,P.O. Box
ZIP Code 10114,New York,Unique
ZIP Code 10115,New York,Standard
ZIP Code 10116,New York,P.O. Box
ZIP Code 10117,New York,Unique
ZIP Code 10118,New York,Standard
ZIP Code 10119,New York,Standard
ZIP Code 10120,New York,Standard
ZIP Code 10121,New York,Standard
ZIP Code 10122,New York,Standard
ZIP Code 10123,New York,Standard
ZIP Code 10124,New York,Unique
ZIP Code 10125,New York,Unique
ZIP Code 10126,New York,Unique
ZIP Code 10128,New York,Standard
ZIP Code 10129,New York,P.O. Box
ZIP Code 10130,New York,Unique
ZIP Code 10131,New York,Unique
ZIP Code 10132,New York,Unique
ZIP Code 10133,New York,Unique
ZIP Code 10138,New York,Unique
ZIP Code 10150,New York,P.O. Box
ZIP Code 10151,New York,Standard
ZIP Code 10152,New York,Standard
ZIP Code 10153,New York,Standard
ZIP Code 10154,New York,Standard
ZIP Code 10155,New York,Standard
ZIP Code 10156,New York,P.O. Box
ZIP Code 10157,New York,Unique
ZIP Code 10158,New York,Standard
ZIP Code 10159,New York,P.O. Box
ZIP Code 10160,New York,Unique
ZIP Code 10162,New York,Standard
ZIP Code 10163,New York,P.O. Box
ZIP Code 10164,New York,Unique
ZIP Code 10165,New York,Standard
ZIP Code 10166,New York,Standard
ZIP Code 10167,New York,Standard
ZIP Code 10168,New York,Standard
ZIP Code 10169,New York,Standard
ZIP Code 10170,New York,Standard
ZIP Code 10171,New York,Standard
ZIP Code 10172,New York,Standard
ZIP Code 10173,New York,Standard
ZIP Code 10174,New York,Standard
ZIP Code 10175,New York,Standard
ZIP Code 10176,New York,Standard
ZIP Code 10177,New York,Standard
ZIP Code 10178,New York,Standard
ZIP Code 10179,New York,Unique
ZIP Code 10185,New York,P.O. Box
ZIP Code 10199,New York,Standard
ZIP Code 10203,New York,Unique
ZIP Code 10211,New York,Unique
ZIP Code 10212,New York,Unique
ZIP Code 10213,New York,Unique
ZIP Code 10242,New York,P.O. Box
ZIP Code 10249,New York,P.O. Box
ZIP Code 10256,New York,Unique
ZIP Code 10258,New York,Unique
ZIP Code 10259,New York,Unique
ZIP Code 10260,New York,Standard
ZIP Code 10261,New York,Unique
ZIP Code 10265,New York,Standard
ZIP Code 10268,New York,P.O. Box
ZIP Code 10269,New York,Unique
ZIP Code 10270,New York,Standard
ZIP Code 10271,New York,Standard
ZIP Code 10272,New York,P.O. Box
ZIP Code 10273,New York,Unique
ZIP Code 10274,New York,P.O. Box
ZIP Code 10275,New York,Unique
ZIP Code 10276,New York,P.O. Box
ZIP Code 10277,New York,Unique
ZIP Code 10278,New York,Standard
ZIP Code 10279,New York,Standard
ZIP Code 10280,New York,Standard
ZIP Code 10281,New York,Standard
ZIP Code 10282,New York,Standard
ZIP Code 10285,New York,Unique
ZIP Code 10286,New York,Unique
ZIP Code 10301,Richmond,Standard
ZIP Code 10302,Richmond,Standard
ZIP Code 10303,Richmond,Standard
ZIP Code 10304,Richmond,Standard
ZIP Code 10305,Richmond,Standard
ZIP Code 10306,Richmond,Standard
ZIP Code 10307,Richmond,Standard
ZIP Code 10308,Richmond,Standard
ZIP Code 10309,Richmond,Standard
ZIP Code 10310,Richmond,Standard
ZIP Code 10311,Richmond,Standard
ZIP Code 10312,Richmond,Standard
ZIP Code 10313,Richmond,P.O. Box
ZIP Code 10314,Richmond,Standard
ZIP Code 10451,Bronx,Standard
ZIP Code 10452,Bronx,Standard
ZIP Code 10453,Bronx,Standard
ZIP Code 10454,Bronx,Standard
ZIP Code 10455,Bronx,Standard
ZIP Code 10456,Bronx,Standard
ZIP Code 10457,Bronx,Standard
ZIP Code 10458,Bronx,Standard
ZIP Code 10459,Bronx,Standard
ZIP Code 10460,Bronx,Standard
ZIP Code 10461,Bronx,Standard
ZIP Code 10462,Bronx,Standard
ZIP Code 10463,Bronx,Standard
ZIP Code 10464,Bronx,Standard
ZIP Code 10465,Bronx,Standard
ZIP Code 10466,Bronx,Standard
ZIP Code 10467,Bronx,Standard
ZIP Code 10468,Bronx,Standard
ZIP Code 10469,Bronx,Standard
ZIP Code 10470,Bronx,Standard
ZIP Code 10471,Bronx,Standard
ZIP Code 10472,Bronx,Standard
ZIP Code 10473,Bronx,Standard
ZIP Code 10474,Bronx,Standard
ZIP Code 10475,Bronx,Standard
ZIP Code 10501,Westchester,Standard
ZIP Code 10502,Westchester,Standard
ZIP Code 10503,Westchester,P.O. Box
ZIP Code 10504,Westchester,Standard
ZIP Code 10505,Westchester,Standard
ZIP Code 10506,Westchester,Standard
ZIP Code 10507,Westchester,Standard
ZIP Code 10509,Putnam,Standard
ZIP Code 10510,Westchester,Standard
ZIP Code 10511,Westchester,Standard
ZIP Code 10512,Putnam,Standard
ZIP Code 10514,Westchester,Standard
ZIP Code 10516,Putnam,Standard
ZIP Code 10517,Westchester,P.O. Box
ZIP Code 10518,Westchester,Standard
ZIP Code 10519,Westchester,P.O. Box
ZIP Code 10520,Westchester,Standard
ZIP Code 10521,Westchester,P.O. Box
ZIP Code 10522,Westchester,Standard
ZIP Code 10523,Westchester,Standard
ZIP Code 10524,Putnam,Standard
ZIP Code 10526,Westchester,Standard
ZIP Code 10527,Westchester,Standard
ZIP Code 10528,Westchester,Standard
ZIP Code 10530,Westchester,Standard
ZIP Code 10532,Westchester,Standard
ZIP Code 10533,Westchester,Standard
ZIP Code 10535,Westchester,Standard
ZIP Code 10536,Westchester,Standard
ZIP Code 10537,Putnam,Standard
ZIP Code 10538,Westchester,Standard
ZIP Code 10540,Westchester,P.O. Box
ZIP Code 10541,Putnam,Standard
ZIP Code 10542,Putnam,P.O. Box
ZIP Code 10543,Westchester,Standard
ZIP Code 10545,Westchester,P.O. Box
ZIP Code 10546,Westchester,Standard
ZIP Code 10547,Westchester,Standard
ZIP Code 10548,Westchester,Standard
ZIP Code 10549,Westchester,Standard
ZIP Code 10550,Westchester,Standard
ZIP Code 10551,Westchester,P.O. Box
ZIP Code 10552,Westchester,Standard
ZIP Code 10553,Westchester,Standard
ZIP Code 10560,Westchester,Standard
ZIP Code 10562,Westchester,Standard
ZIP Code 10566,Westchester,Standard
ZIP Code 10567,Westchester,Standard
ZIP Code 10570,Westchester,Standard
ZIP Code 10573,Westchester,Standard
ZIP Code 10576,Westchester,Standard
ZIP Code 10577,Westchester,Standard
ZIP Code 10578,Westchester,Standard
ZIP Code 10579,Putnam,Standard
ZIP Code 10580,Westchester,Standard
ZIP Code 10583,Westchester,Standard
ZIP Code 10587,Westchester,P.O. Box
ZIP Code 10588,Westchester,Standard
ZIP Code 10589,Westchester,Standard
ZIP Code 10590,Westchester,Standard
ZIP Code 10591,Westchester,Standard
ZIP Code 10594,Westchester,Standard
ZIP Code 10595,Westchester,Standard
ZIP Code 10596,Westchester,P.O. Box
ZIP Code 10597,Westchester,Standard
ZIP Code 10598,Westchester,Standard
ZIP Code 10601,Westchester,Standard
ZIP Code 10602,Westchester,P.O. Box
ZIP Code 10603,Westchester,Standard
ZIP Code 10604,Westchester,Standard
ZIP Code 10605,Westchester,Standard
ZIP Code 10606,Westchester,Standard
ZIP Code 10607,Westchester,Standard
ZIP Code 10610,Westchester,P.O. Box
ZIP Code 10701,Westchester,Standard
ZIP Code 10702,Westchester,P.O. Box
ZIP Code 10703,Westchester,Standard
ZIP Code 10704,Westchester,Standard
ZIP Code 10705,Westchester,Standard
ZIP Code 10706,Westchester,Standard
ZIP Code 10707,Westchester,Standard
ZIP Code 10708,Westchester,Standard
ZIP Code 10709,Westchester,Standard
ZIP Code 10710,Westchester,Standard
ZIP Code 10801,Westchester,Standard
ZIP Code 10802,Westchester,P.O. Box
ZIP Code 10803,Westchester,Standard
ZIP Code 10804,Westchester,Standard
ZIP Code 10805,Westchester,Standard
ZIP Code 10901,Rockland,Standard
ZIP Code 10910,Orange,P.O. Box
ZIP Code 10911,Rockland,Standard
ZIP Code 10912,Orange,P.O. Box
ZIP Code 10913,Rockland,Standard
ZIP Code 10914,Orange,P.O. Box
ZIP Code 10915,Orange,P.O. Box
ZIP Code 10916,Orange,Standard
ZIP Code 10917,Orange,Standard
ZIP Code 10918,Orange,Standard
ZIP Code 10919,Orange,Standard
ZIP Code 10920,Rockland,Standard
ZIP Code 10921,Orange,Standard
ZIP Code 10922,Orange,P.O. Box
ZIP Code 10923,Rockland,Standard
ZIP Code 10924,Orange,Standard
ZIP Code 10925,Orange,Standard
ZIP Code 10926,Orange,Standard
ZIP Code 10927,Rockland,Standard
ZIP Code 10928,Orange,Standard
ZIP Code 10930,Orange,Standard
ZIP Code 10931,Rockland,Standard
ZIP Code 10932,Orange,P.O. Box
ZIP Code 10933,Orange,P.O. Box
ZIP Code 10940,Orange,Standard
ZIP Code 10941,Orange,Standard
ZIP Code 10949,Orange,P.O. Box
ZIP Code 10950,Orange,Standard
ZIP Code 10952,Rockland,Standard
ZIP Code 10953,Orange,P.O. Box
ZIP Code 10954,Rockland,Standard
ZIP Code 10956,Rockland,Standard
ZIP Code 10958,Orange,Standard
ZIP Code 10959,Orange,P.O. Box
ZIP Code 10960,Rockland,Standard
ZIP Code 10960,Rockland,Standard
ZIP Code 10962,Rockland,Standard
ZIP Code 10963,Orange,Standard
ZIP Code 10964,Rockland,Standard
ZIP Code 10965,Rockland,Standard
ZIP Code 10968,Rockland,Standard
ZIP Code 10969,Orange,Standard
ZIP Code 10970,Rockland,Standard
ZIP Code 10973,Orange,Standard
ZIP Code 10974,Rockland,Standard
ZIP Code 10975,Orange,Standard
ZIP Code 10976,Rockland,Standard
ZIP Code 10977,Rockland,Standard
ZIP Code 10979,Orange,P.O. Box
ZIP Code 10980,Rockland,Standard
ZIP Code 10981,Orange,P.O. Box
ZIP Code 10982,Rockland,P.O. Box
ZIP Code 10983,Rockland,Standard
ZIP Code 10984,Rockland,Standard
ZIP Code 10985,Orange,Standard
ZIP Code 10986,Rockland,Standard
ZIP Code 10987,Orange,Standard
ZIP Code 10988,Orange,P.O. Box
ZIP Code 10989,Rockland,Standard
ZIP Code 10990,Orange,Standard
ZIP Code 10992,Orange,Standard
ZIP Code 10993,Rockland,Standard
ZIP Code 10994,Rockland,Standard
ZIP Code 10996,Orange,Standard
ZIP Code 10997,Orange,P.O. Box
ZIP Code 10998,Orange,Standard
ZIP Code 11001,Nassau,Standard
ZIP Code 11001,Nassau,Standard
ZIP Code 11001,Nassau,Standard
ZIP Code 11002,Nassau,P.O. Box
ZIP Code 11003,Nassau,Standard
ZIP Code 11004,Queens,Standard
ZIP Code 11005,Queens,Standard
ZIP Code 11010,Nassau,Standard
ZIP Code 11020,Nassau,Standard
ZIP Code 11021,Nassau,Standard
ZIP Code 11022,Nassau,P.O. Box
ZIP Code 11023,Nassau,Standard
ZIP Code 11024,Nassau,Standard
ZIP Code 11026,Nassau,P.O. Box
ZIP Code 11027,Nassau,P.O. Box
ZIP Code 11030,Nassau,Standard
ZIP Code 11040,Nassau,Standard
ZIP Code 11042,Nassau,Standard
ZIP Code 11050,Nassau,Standard
ZIP Code 11051,Nassau,Unique
ZIP Code 11052,Nassau,Unique
ZIP Code 11053,Nassau,Unique
ZIP Code 11054,Nassau,Unique
ZIP Code 11055,Nassau,Unique
ZIP Code 11096,Nassau,Standard
ZIP Code 11101,Queens,Standard
ZIP Code 11102,Queens,Standard
ZIP Code 11103,Queens,Standard
ZIP Code 11104,Queens,Standard
ZIP Code 11105,Queens,Standard
ZIP Code 11106,Queens,Standard
ZIP Code 11109,Queens,Standard
ZIP Code 11120,Queens,Unique
ZIP Code 11201,Kings,Standard
ZIP Code 11202,Kings,P.O. Box
ZIP Code 11203,Kings,Standard
ZIP Code 11204,Kings,Standard
ZIP Code 11205,Kings,Standard
ZIP Code 11206,Kings,Standard
ZIP Code 11207,Kings,Standard
ZIP Code 11208,Kings,Standard
ZIP Code 11209,Kings,Standard
ZIP Code 11210,Kings,Standard
ZIP Code 11211,Kings,Standard
ZIP Code 11212,Kings,Standard
ZIP Code 11213,Kings,Standard
ZIP Code 11214,Kings,Standard
ZIP Code 11215,Kings,Standard
ZIP Code 11216,Kings,Standard
ZIP Code 11217,Kings,Standard
ZIP Code 11218,Kings,Standard
ZIP Code 11219,Kings,Standard
ZIP Code 11220,Kings,Standard
ZIP Code 11221,Kings,Standard
ZIP Code 11222,Kings,Standard
ZIP Code 11223,Kings,Standard
ZIP Code 11224,Kings,Standard
ZIP Code 11225,Kings,Standard
ZIP Code 11226,Kings,Standard
ZIP Code 11228,Kings,Standard
ZIP Code 11229,Kings,Standard
ZIP Code 11230,Kings,Standard
ZIP Code 11231,Kings,Standard
ZIP Code 11232,Kings,Standard
ZIP Code 11233,Kings,Standard
ZIP Code 11234,Kings,Standard
ZIP Code 11235,Kings,Standard
ZIP Code 11236,Kings,Standard
ZIP Code 11237,Kings,Standard
ZIP Code 11238,Kings,Standard
ZIP Code 11239,Kings,Standard
ZIP Code 11241,Kings,Standard
ZIP Code 11242,Kings,Standard
ZIP Code 11243,Kings,Standard
ZIP Code 11245,Kings,Unique
ZIP Code 11247,Kings,P.O. Box
ZIP Code 11249,Kings,Standard
ZIP Code 11251,Kings,Unique
ZIP Code 11252,Kings,Standard
ZIP Code 11256,Kings,Standard
ZIP Code 11351,Queens,Standard
ZIP Code 11352,Queens,P.O. Box
ZIP Code 11354,Queens,Standard
ZIP Code 11355,Queens,Standard
ZIP Code 11356,Queens,Standard
ZIP Code 11357,Queens,Standard
ZIP Code 11358,Queens,Standard
ZIP Code 11359,Queens,Standard
ZIP Code 11360,Queens,Standard
ZIP Code 11361,Queens,Standard
ZIP Code 11362,Queens,Standard
ZIP Code 11363,Queens,Standard
ZIP Code 11364,Queens,Standard
ZIP Code 11365,Queens,Standard
ZIP Code 11366,Queens,Standard
ZIP Code 11367,Queens,Standard
ZIP Code 11368,Queens,Standard
ZIP Code 11369,Queens,Standard
ZIP Code 11370,Queens,Standard
ZIP Code 11371,Queens,Standard
ZIP Code 11372,Queens,Standard
ZIP Code 11373,Queens,Standard
ZIP Code 11374,Queens,Standard
ZIP Code 11375,Queens,Standard
ZIP Code 11377,Queens,Standard
ZIP Code 11378,Queens,Standard
ZIP Code 11379,Queens,Standard
ZIP Code 11380,Queens,P.O. Box
ZIP Code 11381,Queens,Unique
ZIP Code 11385,Queens,Standard
ZIP Code 11386,Queens,P.O. Box
ZIP Code 11405,Queens,Unique
ZIP Code 11411,Queens,Standard
ZIP Code 11412,Queens,Standard
ZIP Code 11413,Queens,Standard
ZIP Code 11414,Queens,Standard
ZIP Code 11415,Queens,Standard
ZIP Code 11416,Queens,Standard
ZIP Code 11417,Queens,Standard
ZIP Code 11418,Queens,Standard
ZIP Code 11419,Queens,Standard
ZIP Code 11420,Queens,Standard
ZIP Code 11421,Queens,Standard
ZIP Code 11422,Queens,Standard
ZIP Code 11423,Queens,Standard
ZIP Code 11424,Queens,P.O. Box
ZIP Code 11425,Queens,Unique
ZIP Code 11426,Queens,Standard
ZIP Code 11427,Queens,Standard
ZIP Code 11428,Queens,Standard
ZIP Code 11429,Queens,Standard
ZIP Code 11430,Queens,Standard
ZIP Code 11431,Queens,P.O. Box
ZIP Code 11432,Queens,Standard
ZIP Code 11433,Queens,Standard
ZIP Code 11434,Queens,Standard
ZIP Code 11435,Queens,Standard
ZIP Code 11436,Queens,Standard
ZIP Code 11439,Queens,Unique
ZIP Code 11451,Queens,Unique
ZIP Code 11499,Queens,Unique
ZIP Code 11501,Nassau,Standard
ZIP Code 11507,Nassau,Standard
ZIP Code 11509,Nassau,Standard
ZIP Code 11510,Nassau,Standard
ZIP Code 11514,Nassau,Standard
ZIP Code 11516,Nassau,Standard
ZIP Code 11518,Nassau,Standard
ZIP Code 11520,Nassau,Standard
ZIP Code 11530,Nassau,Standard
ZIP Code 11531,Nassau,P.O. Box
ZIP Code 11542,Nassau,Standard
ZIP Code 11545,Nassau,Standard
ZIP Code 11547,Nassau,P.O. Box
ZIP Code 11548,Nassau,Standard
ZIP Code 11549,Nassau,Unique
ZIP Code 11550,Nassau,Standard
ZIP Code 11551,Nassau,P.O. Box
ZIP Code 11552,Nassau,Standard
ZIP Code 11553,Nassau,Standard
ZIP Code 11554,Nassau,Standard
ZIP Code 11555,Nassau,Unique
ZIP Code 11556,Nassau,Standard
ZIP Code 11557,Nassau,Standard
ZIP Code 11558,Nassau,Standard
ZIP Code 11559,Nassau,Standard
ZIP Code 11560,Nassau,Standard
ZIP Code 11561,Nassau,Standard
ZIP Code 11563,Nassau,Standard
ZIP Code 11565,Nassau,Standard
ZIP Code 11566,Nassau,Standard
ZIP Code 11568,Nassau,Standard
ZIP Code 11569,Nassau,P.O. Box
ZIP Code 11570,Nassau,Standard
ZIP Code 11571,Nassau,P.O. Box
ZIP Code 11572,Nassau,Standard
ZIP Code 11575,Nassau,Standard
ZIP Code 11576,Nassau,Standard
ZIP Code 11577,Nassau,Standard
ZIP Code 11579,Nassau,Standard
ZIP Code 11580,Nassau,Standard
ZIP Code 11581,Nassau,Standard
ZIP Code 11582,Nassau,P.O. Box
ZIP Code 11590,Nassau,Standard
ZIP Code 11596,Nassau,Standard
ZIP Code 11598,Nassau,Standard
ZIP Code 11599,Nassau,Standard
ZIP Code 11690,Queens,P.O. Box
ZIP Code 11691,Queens,Standard
ZIP Code 11692,Queens,Standard
ZIP Code 11693,Queens,Standard
ZIP Code 11694,Queens,Standard
ZIP Code 11695,Queens,P.O. Box
ZIP Code 11697,Queens,Standard
ZIP Code 11701,Suffolk,Standard
ZIP Code 11702,Suffolk,Standard
ZIP Code 11703,Suffolk,Standard
ZIP Code 11704,Suffolk,Standard
ZIP Code 11705,Suffolk,Standard
ZIP Code 11706,Suffolk,Standard
ZIP Code 11707,Suffolk,P.O. Box
ZIP Code 11709,Nassau,Standard
ZIP Code 11710,Nassau,Standard
ZIP Code 11713,Suffolk,Standard
ZIP Code 11714,Nassau,Standard
ZIP Code 11715,Suffolk,Standard
ZIP Code 11716,Suffolk,Standard
ZIP Code 11717,Suffolk,Standard
ZIP Code 11718,Suffolk,Standard
ZIP Code 11719,Suffolk,Standard
ZIP Code 11720,Suffolk,Standard
ZIP Code 11721,Suffolk,Standard
ZIP Code 11722,Suffolk,Standard
ZIP Code 11724,Suffolk,Standard
ZIP Code 11725,Suffolk,Standard
ZIP Code 11726,Suffolk,Standard
ZIP Code 11727,Suffolk,Standard
ZIP Code 11729,Suffolk,Standard
ZIP Code 11730,Suffolk,Standard
ZIP Code 11731,Suffolk,Standard
ZIP Code 11732,Nassau,Standard
ZIP Code 11733,Suffolk,Standard
ZIP Code 11735,Nassau,Standard
ZIP Code 11737,Nassau,Standard
ZIP Code 11738,Suffolk,Standard
ZIP Code 11739,Suffolk,P.O. Box
ZIP Code 11740,Suffolk,Standard
ZIP Code 11741,Suffolk,Standard
ZIP Code 11742,Suffolk,Standard
ZIP Code 11743,Suffolk,Standard
ZIP Code 11746,Suffolk,Standard
ZIP Code 11747,Suffolk,Standard
ZIP Code 11749,Suffolk,Standard
ZIP Code 11751,Suffolk,Standard
ZIP Code 11752,Suffolk,Standard
ZIP Code 11753,Nassau,Standard
ZIP Code 11754,Suffolk,Standard
ZIP Code 11755,Suffolk,Standard
ZIP Code 11756,Nassau,Standard
ZIP Code 11757,Suffolk,Standard
ZIP Code 11758,Nassau,Standard
ZIP Code 11760,Suffolk,P.O. Box
ZIP Code 11762,Nassau,Standard
ZIP Code 11763,Suffolk,Standard
ZIP Code 11764,Suffolk,Standard
ZIP Code 11765,Nassau,Standard
ZIP Code 11766,Suffolk,Standard
ZIP Code 11767,Suffolk,Standard
ZIP Code 11768,Suffolk,Standard
ZIP Code 11769,Suffolk,Standard
ZIP Code 11770,Suffolk,P.O. Box
ZIP Code 11771,Nassau,Standard
ZIP Code 11772,Suffolk,Standard
ZIP Code 11773,Suffolk,Unique
ZIP Code 11775,Suffolk,Unique
ZIP Code 11776,Suffolk,Standard
ZIP Code 11777,Suffolk,Standard
ZIP Code 11778,Suffolk,Standard
ZIP Code 11779,Suffolk,Standard
ZIP Code 11780,Suffolk,Standard
ZIP Code 11782,Suffolk,Standard
ZIP Code 11783,Nassau,Standard
ZIP Code 11784,Suffolk,Standard
ZIP Code 11786,Suffolk,Standard
ZIP Code 11787,Suffolk,Standard
ZIP Code 11788,Suffolk,Standard
ZIP Code 11789,Suffolk,Standard
ZIP Code 11790,Suffolk,Standard
ZIP Code 11791,Nassau,Standard
ZIP Code 11792,Suffolk,Standard
ZIP Code 11793,Nassau,Standard
ZIP Code 11794,Suffolk,Unique
ZIP Code 11795,Suffolk,Standard
ZIP Code 11796,Suffolk,Standard
ZIP Code 11797,Nassau,Standard
ZIP Code 11798,Suffolk,Standard
ZIP Code 11801,Nassau,Standard
ZIP Code 11802,Nassau,P.O. Box
ZIP Code 11803,Nassau,Standard
ZIP Code 11804,Nassau,Standard
ZIP Code 11815,Nassau,Unique
ZIP Code 11853,Nassau,Unique
ZIP Code 11901,Suffolk,Standard
ZIP Code 11930,Suffolk,P.O. Box
ZIP Code 11931,Suffolk,P.O. Box
ZIP Code 11932,Suffolk,P.O. Box
ZIP Code 11933,Suffolk,Standard
ZIP Code 11934,Suffolk,Standard
ZIP Code 11935,Suffolk,Standard
ZIP Code 11937,Suffolk,Standard
ZIP Code 11939,Suffolk,Standard
ZIP Code 11940,Suffolk,Standard
ZIP Code 11941,Suffolk,Standard
ZIP Code 11942,Suffolk,Standard
ZIP Code 11944,Suffolk,Standard
ZIP Code 11946,Suffolk,Standard
ZIP Code 11947,Suffolk,P.O. Box
ZIP Code 11948,Suffolk,Standard
ZIP Code 11949,Suffolk,Standard
ZIP Code 11950,Suffolk,Standard
ZIP Code 11951,Suffolk,Standard
ZIP Code 11952,Suffolk,Standard
ZIP Code 11953,Suffolk,Standard
ZIP Code 11954,Suffolk,Standard
ZIP Code 11955,Suffolk,Standard
ZIP Code 11956,Suffolk,P.O. Box
ZIP Code 11957,Suffolk,Standard
ZIP Code 11958,Suffolk,Standard
ZIP Code 11959,Suffolk,P.O. Box
ZIP Code 11960,Suffolk,P.O. Box
ZIP Code 11961,Suffolk,Standard
ZIP Code 11962,Suffolk,P.O. Box
ZIP Code 11963,Suffolk,Standard
ZIP Code 11964,Suffolk,P.O. Box
ZIP Code 11965,Suffolk,P.O. Box
ZIP Code 11967,Suffolk,Standard
ZIP Code 11968,Suffolk,Standard
ZIP Code 11969,Suffolk,P.O. Box
ZIP Code 11970,Suffolk,P.O. Box
ZIP Code 11971,Suffolk,Standard
ZIP Code 11972,Suffolk,P.O. Box
ZIP Code 11973,Suffolk,P.O. Box
ZIP Code 11975,Suffolk,P.O. Box
ZIP Code 11976,Suffolk,Standard
ZIP Code 11977,Suffolk,Standard
ZIP Code 11978,Suffolk,Standard
ZIP Code 11980,Suffolk,Standard
ZIP Code 12007,Albany,Standard
ZIP Code 12008,Schenectady,Standard
ZIP Code 12009,Albany,Standard
ZIP Code 12010,Montgomery,Standard
ZIP Code 12015,Greene,Standard
ZIP Code 12016,Montgomery,Standard
ZIP Code 12017,Columbia,Standard
ZIP Code 12018,Rensselaer,Standard
ZIP Code 12019,Saratoga,Standard
ZIP Code 12020,Saratoga,Standard
ZIP Code 12022,Rensselaer,Standard
ZIP Code 12023,Albany,Standard
ZIP Code 12024,Rensselaer,Standard
ZIP Code 12025,Fulton,Standard
ZIP Code 12027,Saratoga,Standard
ZIP Code 12028,Washington,Standard
ZIP Code 12029,Columbia,Standard
ZIP Code 12031,Schoharie,Standard
ZIP Code 12032,Fulton,Standard
ZIP Code 12033,Rensselaer,Standard
ZIP Code 12035,Schoharie,Standard
ZIP Code 12036,Schoharie,Standard
ZIP Code 12037,Columbia,Standard
ZIP Code 12040,Rensselaer,P.O. Box
ZIP Code 12041,Albany,Standard
ZIP Code 12042,Greene,Standard
ZIP Code 12043,Schoharie,Standard
ZIP Code 12045,Albany,P.O. Box
ZIP Code 12046,Albany,Standard
ZIP Code 12047,Albany,Standard
ZIP Code 12050,Columbia,P.O. Box
ZIP Code 12051,Greene,Standard
ZIP Code 12052,Rensselaer,Standard
ZIP Code 12053,Schenectady,Standard
ZIP Code 12054,Albany,Standard
ZIP Code 12055,Albany,Standard
ZIP Code 12056,Schenectady,Standard
ZIP Code 12057,Rensselaer,Standard
ZIP Code 12058,Greene,Standard
ZIP Code 12059,Albany,Standard
ZIP Code 12060,Columbia,Standard
ZIP Code 12061,Rensselaer,Standard
ZIP Code 12062,Rensselaer,Standard
ZIP Code 12063,Rensselaer,Standard
ZIP Code 12064,Otsego,Standard
ZIP Code 12065,Saratoga,Standard
ZIP Code 12066,Montgomery,Standard
ZIP Code 12067,Albany,Standard
ZIP Code 12068,Montgomery,Standard
ZIP Code 12069,Montgomery,P.O. Box
ZIP Code 12070,Montgomery,Standard
ZIP Code 12071,Schoharie,Standard
ZIP Code 12072,Montgomery,Standard
ZIP Code 12073,Schoharie,P.O. Box
ZIP Code 12074,Saratoga,Standard
ZIP Code 12075,Columbia,Standard
ZIP Code 12076,Schoharie,Standard
ZIP Code 12077,Albany,Standard
ZIP Code 12078,Fulton,Standard
ZIP Code 12082,Rensselaer,P.O. Box
ZIP Code 12083,Greene,Standard
ZIP Code 12084,Albany,Standard
ZIP Code 12085,Albany,Standard
ZIP Code 12086,Montgomery,Standard
ZIP Code 12087,Greene,Standard
ZIP Code 12089,Rensselaer,P.O. Box
ZIP Code 12090,Rensselaer,Standard
ZIP Code 12092,Schoharie,Standard
ZIP Code 12093,Schoharie,Standard
ZIP Code 12094,Rensselaer,Standard
ZIP Code 12095,Fulton,Standard
ZIP Code 12106,Columbia,Standard
ZIP Code 12107,Albany,P.O. Box
ZIP Code 12108,Hamilton,Standard
ZIP Code 12110,Albany,Standard
ZIP Code 12115,Columbia,Standard
ZIP Code 12116,Otsego,Standard
ZIP Code 12117,Fulton,Standard
ZIP Code 12118,Saratoga,Standard
ZIP Code 12120,Albany,Standard
ZIP Code 12121,Rensselaer,Standard
ZIP Code 12122,Schoharie,Standard
ZIP Code 12123,Rensselaer,Standard
ZIP Code 12124,Greene,P.O. Box
ZIP Code 12125,Columbia,Standard
ZIP Code 12128,Albany,P.O. Box
ZIP Code 12130,Columbia,Standard
ZIP Code 12131,Schoharie,Standard
ZIP Code 12132,Columbia,P.O. Box
ZIP Code 12133,Rensselaer,P.O. Box
ZIP Code 12134,Fulton,Standard
ZIP Code 12136,Columbia,Standard
ZIP Code 12137,Schenectady,Standard
ZIP Code 12138,Rensselaer,Standard
ZIP Code 12139,Hamilton,Standard
ZIP Code 12140,Rensselaer,Standard
ZIP Code 12141,Schenectady,P.O. Box
ZIP Code 12143,Albany,Standard
ZIP Code 12144,Rensselaer,Standard
ZIP Code 12147,Albany,Standard
ZIP Code 12148,Saratoga,Standard
ZIP Code 12149,Schoharie,Standard
ZIP Code 12150,Schenectady,Standard
ZIP Code 12151,Saratoga,Standard
ZIP Code 12153,Rensselaer,Standard
ZIP Code 12154,Rensselaer,Standard
ZIP Code 12155,Otsego,Standard
ZIP Code 12156,Rensselaer,Standard
ZIP Code 12157,Schoharie,Standard
ZIP Code 12158,Albany,Standard
ZIP Code 12159,Albany,Standard
ZIP Code 12160,Schoharie,Standard
ZIP Code 12161,Albany,P.O. Box
ZIP Code 12164,Hamilton,Standard
ZIP Code 12165,Columbia,Standard
ZIP Code 12166,Montgomery,Standard
ZIP Code 12167,Delaware,Standard
ZIP Code 12168,Rensselaer,Standard
ZIP Code 12169,Rensselaer,Standard
ZIP Code 12170,Saratoga,Standard
ZIP Code 12172,Columbia,P.O. Box
ZIP Code 12173,Columbia,Standard
ZIP Code 12174,Columbia,P.O. Box
ZIP Code 12175,Schoharie,Standard
ZIP Code 12176,Greene,Standard
ZIP Code 12177,Montgomery,P.O. Box
ZIP Code 12180,Rensselaer,Standard
ZIP Code 12181,Rensselaer,P.O. Box
ZIP Code 12182,Rensselaer,Standard
ZIP Code 12183,Albany,Standard
ZIP Code 12184,Columbia,Standard
ZIP Code 12185,Rensselaer,Standard
ZIP Code 12186,Albany,Standard
ZIP Code 12187,Schoharie,Standard
ZIP Code 12188,Saratoga,Standard
ZIP Code 12189,Albany,Standard
ZIP Code 12190,Hamilton,Standard
ZIP Code 12192,Greene,Standard
ZIP Code 12193,Albany,Standard
ZIP Code 12194,Schoharie,Standard
ZIP Code 12195,Columbia,P.O. Box
ZIP Code 12196,Rensselaer,Standard
ZIP Code 12197,Otsego,Standard
ZIP Code 12198,Rensselaer,Standard
ZIP Code 12201,Albany,P.O. Box
ZIP Code 12202,Albany,Standard
ZIP Code 12203,Albany,Standard
ZIP Code 12204,Albany,Standard
ZIP Code 12205,Albany,Standard
ZIP Code 12206,Albany,Standard
ZIP Code 12207,Albany,Standard
ZIP Code 12208,Albany,Standard
ZIP Code 12209,Albany,Standard
ZIP Code 12210,Albany,Standard
ZIP Code 12211,Albany,Standard
ZIP Code 12212,Albany,P.O. Box
ZIP Code 12214,Albany,Unique
ZIP Code 12220,Albany,P.O. Box
ZIP Code 12222,Albany,Unique
ZIP Code 12223,Albany,Standard
ZIP Code 12224,Albany,P.O. Box
ZIP Code 12225,Albany,P.O. Box
ZIP Code 12226,Albany,Standard
ZIP Code 12227,Albany,Unique
ZIP Code 12228,Albany,Unique
ZIP Code 12229,Albany,Unique
ZIP Code 12230,Albany,Unique
ZIP Code 12231,Albany,Unique
ZIP Code 12232,Albany,Unique
ZIP Code 12233,Albany,Unique
ZIP Code 12234,Albany,Unique
ZIP Code 12235,Albany,Unique
ZIP Code 12236,Albany,Unique
ZIP Code 12237,Albany,Unique
ZIP Code 12238,Albany,Unique
ZIP Code 12239,Albany,Unique
ZIP Code 12240,Albany,Unique
ZIP Code 12241,Albany,Unique
ZIP Code 12242,Albany,Unique
ZIP Code 12243,Albany,Unique
ZIP Code 12244,Albany,Unique
ZIP Code 12245,Albany,Unique
ZIP Code 12246,Albany,Unique
ZIP Code 12247,Albany,Unique
ZIP Code 12248,Albany,Unique
ZIP Code 12249,Albany,Unique
ZIP Code 12250,Albany,Unique
ZIP Code 12255,Albany,Unique
ZIP Code 12257,Albany,Unique
ZIP Code 12260,Albany,Standard
ZIP Code 12261,Albany,Unique
ZIP Code 12288,Albany,Unique
ZIP Code 12301,Schenectady,P.O. Box
ZIP Code 12302,Schenectady,Standard
ZIP Code 12303,Schenectady,Standard
ZIP Code 12304,Schenectady,Standard
ZIP Code 12305,Schenectady,Standard
ZIP Code 12306,Schenectady,Standard
ZIP Code 12307,Schenectady,Standard
ZIP Code 12308,Schenectady,Standard
ZIP Code 12309,Schenectady,Standard
ZIP Code 12325,Schenectady,P.O. Box
ZIP Code 12345,Schenectady,Unique
ZIP Code 12401,Ulster,Standard
ZIP Code 12402,Ulster,P.O. Box
ZIP Code 12404,Ulster,Standard
ZIP Code 12405,Greene,Standard
ZIP Code 12406,Delaware,Standard
ZIP Code 12407,Greene,Standard
ZIP Code 12409,Ulster,Standard
ZIP Code 12410,Ulster,Standard
ZIP Code 12411,Ulster,Standard
ZIP Code 12412,Ulster,Standard
ZIP Code 12413,Greene,Standard
ZIP Code 12414,Greene,Standard
ZIP Code 12416,Ulster,Standard
ZIP Code 12417,Ulster,P.O. Box
ZIP Code 12418,Greene,Standard
ZIP Code 12419,Ulster,Standard
ZIP Code 12420,Ulster,P.O. Box
ZIP Code 12421,Delaware,Standard
ZIP Code 12422,Greene,Standard
ZIP Code 12423,Greene,Standard
ZIP Code 12424,Greene,Standard
ZIP Code 12427,Greene,Standard
ZIP Code 12428,Ulster,Standard
ZIP Code 12429,Ulster,P.O. Box
ZIP Code 12430,Delaware,Standard
ZIP Code 12431,Greene,Standard
ZIP Code 12432,Ulster,P.O. Box
ZIP Code 12433,Ulster,Standard
ZIP Code 12434,Delaware,Standard
ZIP Code 12435,Ulster,Standard
ZIP Code 12436,Greene,P.O. Box
ZIP Code 12438,Delaware,P.O. Box
ZIP Code 12439,Greene,Standard
ZIP Code 12440,Ulster,Standard
ZIP Code 12441,Ulster,P.O. Box
ZIP Code 12442,Greene,Standard
ZIP Code 12443,Ulster,Standard
ZIP Code 12444,Greene,Standard
ZIP Code 12446,Ulster,Standard
ZIP Code 12448,Ulster,Standard
ZIP Code 12449,Ulster,Standard
ZIP Code 12450,Greene,Standard
ZIP Code 12451,Greene,Standard
ZIP Code 12452,Greene,P.O. Box
ZIP Code 12453,Ulster,P.O. Box
ZIP Code 12454,Greene,Standard
ZIP Code 12455,Delaware,Standard
ZIP Code 12456,Ulster,Standard
ZIP Code 12457,Ulster,Standard
ZIP Code 12458,Ulster,Standard
ZIP Code 12459,Delaware,P.O. Box
ZIP Code 12460,Greene,Standard
ZIP Code 12461,Ulster,Standard
ZIP Code 12463,Greene,Standard
ZIP Code 12464,Ulster,Standard
ZIP Code 12465,Ulster,Standard
ZIP Code 12466,Ulster,Standard
ZIP Code 12468,Greene,Standard
ZIP Code 12469,Albany,Standard
ZIP Code 12470,Greene,Standard
ZIP Code 12471,Ulster,P.O. Box
ZIP Code 12472,Ulster,Standard
ZIP Code 12473,Greene,Standard
ZIP Code 12474,Delaware,Standard
ZIP Code 12475,Ulster,P.O. Box
ZIP Code 12477,Ulster,Standard
ZIP Code 12480,Ulster,Standard
ZIP Code 12481,Ulster,Standard
ZIP Code 12482,Greene,Standard
ZIP Code 12483,Ulster,P.O. Box
ZIP Code 12484,Ulster,Standard
ZIP Code 12485,Greene,Standard
ZIP Code 12486,Ulster,Standard
ZIP Code 12487,Ulster,Standard
ZIP Code 12489,Ulster,P.O. Box
ZIP Code 12490,Ulster,P.O. Box
ZIP Code 12491,Ulster,Standard
ZIP Code 12492,Greene,Standard
ZIP Code 12493,Ulster,P.O. Box
ZIP Code 12494,Ulster,Standard
ZIP Code 12495,Ulster,Standard
ZIP Code 12496,Greene,Standard
ZIP Code 12498,Ulster,Standard
ZIP Code 12501,Dutchess,Standard
ZIP Code 12502,Columbia,Standard
ZIP Code 12503,Columbia,Standard
ZIP Code 12504,Dutchess,P.O. Box
ZIP Code 12506,Dutchess,P.O. Box
ZIP Code 12507,Dutchess,Standard
ZIP Code 12508,Dutchess,Standard
ZIP Code 12510,Dutchess,P.O. Box
ZIP Code 12511,Dutchess,P.O. Box
ZIP Code 12512,Dutchess,P.O. Box
ZIP Code 12513,Columbia,Standard
ZIP Code 12514,Dutchess,Standard
ZIP Code 12515,Ulster,Standard
ZIP Code 12516,Columbia,Standard
ZIP Code 12517,Columbia,Standard
ZIP Code 12518,Orange,Standard
ZIP Code 12520,Orange,Standard
ZIP Code 12521,Columbia,Standard
ZIP Code 12522,Dutchess,Standard
ZIP Code 12523,Columbia,Standard
ZIP Code 12524,Dutchess,Standard
ZIP Code 12525,Ulster,Standard
ZIP Code 12526,Columbia,Standard
ZIP Code 12527,Dutchess,P.O. Box
ZIP Code 12528,Ulster,Standard
ZIP Code 12529,Columbia,Standard
ZIP Code 12530,Columbia,P.O. Box
ZIP Code 12531,Dutchess,Standard
ZIP Code 12533,Dutchess,Standard
ZIP Code 12534,Columbia,Standard
ZIP Code 12537,Dutchess,P.O. Box
ZIP Code 12538,Dutchess,Standard
ZIP Code 12540,Dutchess,Standard
ZIP Code 12541,Columbia,P.O. Box
ZIP Code 12542,Ulster,Standard
ZIP Code 12543,Orange,Standard
ZIP Code 12544,Columbia,P.O. Box
ZIP Code 12545,Dutchess,Standard
ZIP Code 12546,Dutchess,Standard
ZIP Code 12547,Ulster,Standard
ZIP Code 12548,Ulster,Standard
ZIP Code 12549,Orange,Standard
ZIP Code 12550,Orange,Standard
ZIP Code 12551,Orange,P.O. Box
ZIP Code 12552,Orange,P.O. Box
ZIP Code 12553,Orange,Standard
ZIP Code 12555,Orange,P.O. Box
ZIP Code 12561,Ulster,Standard
ZIP Code 12563,Putnam,Standard
ZIP Code 12564,Dutchess,Standard
ZIP Code 12565,Columbia,Standard
ZIP Code 12566,Orange,Standard
ZIP Code 12567,Dutchess,Standard
ZIP Code 12568,Ulster,P.O. Box
ZIP Code 12569,Dutchess,Standard
ZIP Code 12570,Dutchess,Standard
ZIP Code 12571,Dutchess,Standard
ZIP Code 12572,Dutchess,Standard
ZIP Code 12574,Dutchess,P.O. Box
ZIP Code 12575,Orange,Standard
ZIP Code 12577,Orange,Standard
ZIP Code 12578,Dutchess,Standard
ZIP Code 12580,Dutchess,Standard
ZIP Code 12581,Dutchess,Standard
ZIP Code 12582,Dutchess,Standard
ZIP Code 12583,Dutchess,Standard
ZIP Code 12584,Orange,P.O. Box
ZIP Code 12585,Dutchess,Standard
ZIP Code 12586,Orange,Standard
ZIP Code 12588,Ulster,P.O. Box
ZIP Code 12589,Ulster,Standard
ZIP Code 12590,Dutchess,Standard
ZIP Code 12592,Dutchess,Standard
ZIP Code 12594,Dutchess,Standard
ZIP Code 12601,Dutchess,Standard
ZIP Code 12602,Dutchess,P.O. Box
ZIP Code 12603,Dutchess,Standard
ZIP Code 12604,Dutchess,Unique
ZIP Code 12701,Sullivan,Standard
ZIP Code 12719,Sullivan,Standard
ZIP Code 12720,Sullivan,Standard
ZIP Code 12721,Sullivan,Standard
ZIP Code 12722,Sullivan,P.O. Box
ZIP Code 12723,Sullivan,Standard
ZIP Code 12724,Sullivan,P.O. Box
ZIP Code 12725,Sullivan,Standard
ZIP Code 12726,Sullivan,Standard
ZIP Code 12727,Sullivan,Standard
ZIP Code 12729,Orange,Standard
ZIP Code 12732,Sullivan,Standard
ZIP Code 12733,Sullivan,Standard
ZIP Code 12734,Sullivan,Standard
ZIP Code 12736,Sullivan,Standard
ZIP Code 12737,Sullivan,Standard
ZIP Code 12738,Sullivan,Standard
ZIP Code 12740,Sullivan,Standard
ZIP Code 12741,Sullivan,Standard
ZIP Code 12742,Sullivan,Standard
ZIP Code 12743,Sullivan,Standard
ZIP Code 12745,Sullivan,Standard
ZIP Code 12746,Orange,Standard
ZIP Code 12747,Sullivan,Standard
ZIP Code 12748,Sullivan,Standard
ZIP Code 12749,Sullivan,P.O. Box
ZIP Code 12750,Sullivan,Standard
ZIP Code 12751,Sullivan,Standard
ZIP Code 12752,Sullivan,Standard
ZIP Code 12754,Sullivan,Standard
ZIP Code 12758,Sullivan,Standard
ZIP Code 12759,Sullivan,Standard
ZIP Code 12760,Sullivan,Standard
ZIP Code 12762,Sullivan,Standard
ZIP Code 12763,Sullivan,Standard
ZIP Code 12764,Sullivan,Standard
ZIP Code 12765,Sullivan,Standard
ZIP Code 12766,Sullivan,Standard
ZIP Code 12767,Sullivan,P.O. Box
ZIP Code 12768,Sullivan,Standard
ZIP Code 12769,Sullivan,P.O. Box
ZIP Code 12770,Sullivan,Standard
ZIP Code 12771,Orange,Standard
ZIP Code 12775,Sullivan,Standard
ZIP Code 12776,Sullivan,Standard
ZIP Code 12777,Sullivan,Standard
ZIP Code 12778,Sullivan,P.O. Box
ZIP Code 12779,Sullivan,Standard
ZIP Code 12780,Orange,Standard
ZIP Code 12781,Sullivan,P.O. Box
ZIP Code 12783,Sullivan,Standard
ZIP Code 12784,Sullivan,P.O. Box
ZIP Code 12785,Sullivan,P.O. Box
ZIP Code 12786,Sullivan,Standard
ZIP Code 12787,Sullivan,Standard
ZIP Code 12788,Sullivan,Standard
ZIP Code 12789,Sullivan,Standard
ZIP Code 12790,Sullivan,Standard
ZIP Code 12791,Sullivan,Standard
ZIP Code 12792,Sullivan,Standard
ZIP Code 12801,Warren,Standard
ZIP Code 12803,Saratoga,Standard
ZIP Code 12804,Warren,Standard
ZIP Code 12808,Warren,Standard
ZIP Code 12809,Washington,Standard
ZIP Code 12810,Warren,Standard
ZIP Code 12811,Warren,P.O. Box
ZIP Code 12812,Hamilton,Standard
ZIP Code 12814,Warren,Standard
ZIP Code 12815,Warren,Standard
ZIP Code 12816,Washington,Standard
ZIP Code 12817,Warren,Standard
ZIP Code 12819,Washington,Standard
ZIP Code 12820,Warren,P.O. Box
ZIP Code 12821,Washington,Standard
ZIP Code 12822,Saratoga,Standard
ZIP Code 12823,Washington,Standard
ZIP Code 12824,Warren,Standard
ZIP Code 12827,Washington,Standard
ZIP Code 12828,Washington,Standard
ZIP Code 12831,Saratoga,Standard
ZIP Code 12832,Washington,Standard
ZIP Code 12833,Saratoga,Standard
ZIP Code 12834,Washington,Standard
ZIP Code 12835,Saratoga,Standard
ZIP Code 12836,Warren,Standard
ZIP Code 12837,Washington,Standard
ZIP Code 12838,Washington,Standard
ZIP Code 12839,Washington,Standard
ZIP Code 12841,Washington,P.O. Box
ZIP Code 12842,Hamilton,Standard
ZIP Code 12843,Warren,Standard
ZIP Code 12844,Warren,Standard
ZIP Code 12845,Warren,Standard
ZIP Code 12846,Warren,Standard
ZIP Code 12847,Hamilton,Standard
ZIP Code 12848,Washington,P.O. Box
ZIP Code 12849,Washington,Standard
ZIP Code 12850,Saratoga,Standard
ZIP Code 12851,Essex,Standard
ZIP Code 12852,Essex,Standard
ZIP Code 12853,Warren,Standard
ZIP Code 12854,Washington,Standard
ZIP Code 12855,Essex,Standard
ZIP Code 12856,Warren,P.O. Box
ZIP Code 12857,Essex,Standard
ZIP Code 12858,Essex,Standard
ZIP Code 12859,Saratoga,Standard
ZIP Code 12860,Warren,Standard
ZIP Code 12861,Washington,Standard
ZIP Code 12862,Warren,P.O. Box
ZIP Code 12863,Saratoga,Standard
ZIP Code 12864,Hamilton,P.O. Box
ZIP Code 12865,Washington,Standard
ZIP Code 12866,Saratoga,Standard
ZIP Code 12870,Essex,Standard
ZIP Code 12871,Saratoga,Standard
ZIP Code 12872,Essex,P.O. Box
ZIP Code 12873,Washington,Standard
ZIP Code 12874,Warren,Standard
ZIP Code 12878,Warren,Standard
ZIP Code 12879,Essex,Standard
ZIP Code 12883,Essex,Standard
ZIP Code 12884,Saratoga,P.O. Box
ZIP Code 12885,Warren,Standard
ZIP Code 12886,Warren,Standard
ZIP Code 12887,Washington,Standard
ZIP Code 12901,Clinton,Standard
ZIP Code 12903,Clinton,Standard
ZIP Code 12910,Clinton,Standard
ZIP Code 12911,Clinton,Standard
ZIP Code 12912,Clinton,Standard
ZIP Code 12913,Essex,Standard
ZIP Code 12914,Franklin,Standard
ZIP Code 12915,Franklin,P.O. Box
ZIP Code 12916,Franklin,Standard
ZIP Code 12917,Franklin,Standard
ZIP Code 12918,Clinton,Standard
ZIP Code 12919,Clinton,Standard
ZIP Code 12920,Franklin,Standard
ZIP Code 12921,Clinton,Standard
ZIP Code 12922,Saint Lawrence,Standard
ZIP Code 12923,Clinton,Standard
ZIP Code 12924,Clinton,Standard
ZIP Code 12926,Franklin,Standard
ZIP Code 12927,Saint Lawrence,P.O. Box
ZIP Code 12928,Essex,Standard
ZIP Code 12929,Clinton,P.O. Box
ZIP Code 12930,Franklin,Standard
ZIP Code 12932,Essex,Standard
ZIP Code 12933,Clinton,P.O. Box
ZIP Code 12934,Clinton,Standard
ZIP Code 12935,Clinton,Standard
ZIP Code 12936,Essex,Standard
ZIP Code 12937,Franklin,Standard
ZIP Code 12939,Franklin,P.O. Box
ZIP Code 12941,Essex,Standard
ZIP Code 12942,Essex,Standard
ZIP Code 12943,Essex,Standard
ZIP Code 12944,Clinton,Standard
ZIP Code 12945,Franklin,Standard
ZIP Code 12946,Essex,Standard
ZIP Code 12949,Saint Lawrence,Standard
ZIP Code 12950,Essex,Standard
ZIP Code 12952,Clinton,Standard
ZIP Code 12953,Franklin,Standard
ZIP Code 12955,Clinton,Standard
ZIP Code 12956,Essex,Standard
ZIP Code 12957,Franklin,Standard
ZIP Code 12958,Clinton,Standard
ZIP Code 12959,Clinton,Standard
ZIP Code 12960,Essex,Standard
ZIP Code 12961,Essex,Standard
ZIP Code 12962,Clinton,Standard
ZIP Code 12964,Essex,Standard
ZIP Code 12965,Saint Lawrence,Standard
ZIP Code 12966,Franklin,Standard
ZIP Code 12967,Saint Lawrence,Standard
ZIP Code 12969,Franklin,Standard
ZIP Code 12970,Franklin,Standard
ZIP Code 12972,Clinton,Standard
ZIP Code 12973,Saint Lawrence,P.O. Box
ZIP Code 12974,Essex,Standard
ZIP Code 12975,Essex,P.O. Box
ZIP Code 12976,Franklin,P.O. Box
ZIP Code 12977,Essex,P.O. Box
ZIP Code 12978,Clinton,Standard
ZIP Code 12979,Clinton,Standard
ZIP Code 12980,Franklin,Standard
ZIP Code 12981,Clinton,Standard
ZIP Code 12983,Franklin,Standard
ZIP Code 12985,Clinton,Standard
ZIP Code 12986,Franklin,Standard
ZIP Code 12987,Essex,Standard
ZIP Code 12989,Franklin,Standard
ZIP Code 12992,Clinton,Standard
ZIP Code 12993,Essex,Standard
ZIP Code 12995,Franklin,P.O. Box
ZIP Code 12996,Essex,Standard
ZIP Code 12997,Essex,Standard
ZIP Code 12998,Essex,Standard
ZIP Code 13020,Onondaga,P.O. Box
ZIP Code 13021,Cayuga,Standard
ZIP Code 13022,Cayuga,P.O. Box
ZIP Code 13024,Cayuga,Unique
ZIP Code 13026,Cayuga,Standard
ZIP Code 13027,Onondaga,Standard
ZIP Code 13028,Oswego,Standard
ZIP Code 13029,Onondaga,Standard
ZIP Code 13030,Onondaga,Standard
ZIP Code 13031,Onondaga,Standard
ZIP Code 13032,Madison,Standard
ZIP Code 13033,Cayuga,Standard
ZIP Code 13034,Cayuga,Standard
ZIP Code 13035,Madison,Standard
ZIP Code 13036,Oswego,Standard
ZIP Code 13037,Madison,Standard
ZIP Code 13039,Onondaga,Standard
ZIP Code 13040,Cortland,Standard
ZIP Code 13041,Onondaga,Standard
ZIP Code 13042,Oswego,Standard
ZIP Code 13043,Madison,P.O. Box
ZIP Code 13044,Oswego,Standard
ZIP Code 13045,Cortland,Standard
ZIP Code 13051,Onondaga,P.O. Box
ZIP Code 13052,Madison,Standard
ZIP Code 13053,Tompkins,Standard
ZIP Code 13054,Oneida,Standard
ZIP Code 13056,Cortland,P.O. Box
ZIP Code 13057,Onondaga,Standard
ZIP Code 13060,Onondaga,Standard
ZIP Code 13061,Madison,Standard
ZIP Code 13062,Tompkins,P.O. Box
ZIP Code 13063,Onondaga,Standard
ZIP Code 13064,Cayuga,P.O. Box
ZIP Code 13065,Seneca,P.O. Box
ZIP Code 13066,Onondaga,Standard
ZIP Code 13068,Tompkins,Standard
ZIP Code 13069,Oswego,Standard
ZIP Code 13071,Cayuga,Standard
ZIP Code 13072,Madison,Standard
ZIP Code 13073,Tompkins,Standard
ZIP Code 13074,Oswego,Standard
ZIP Code 13076,Oswego,Standard
ZIP Code 13077,Cortland,Standard
ZIP Code 13078,Onondaga,Standard
ZIP Code 13080,Onondaga,Standard
ZIP Code 13081,Cayuga,Standard
ZIP Code 13082,Onondaga,Standard
ZIP Code 13083,Oswego,Standard
ZIP Code 13084,Onondaga,Standard
ZIP Code 13087,Cortland,P.O. Box
ZIP Code 13088,Onondaga,Standard
ZIP Code 13089,Onondaga,P.O. Box
ZIP Code 13090,Onondaga,Standard
ZIP Code 13092,Cayuga,Standard
ZIP Code 13093,Oswego,P.O. Box
ZIP Code 13101,Cortland,Standard
ZIP Code 13102,Tompkins,P.O. Box
ZIP Code 13103,Oswego,Standard
ZIP Code 13104,Onondaga,Standard
ZIP Code 13107,Oswego,P.O. Box
ZIP Code 13108,Onondaga,Standard
ZIP Code 13110,Onondaga,Standard
ZIP Code 13111,Cayuga,Standard
ZIP Code 13112,Onondaga,Standard
ZIP Code 13113,Cayuga,P.O. Box
ZIP Code 13114,Oswego,Standard
ZIP Code 13115,Oswego,P.O. Box
ZIP Code 13116,Onondaga,Standard
ZIP Code 13117,Cayuga,P.O. Box
ZIP Code 13118,Cayuga,Standard
ZIP Code 13119,Onondaga,P.O. Box
ZIP Code 13120,Onondaga,Standard
ZIP Code 13121,Oswego,P.O. Box
ZIP Code 13122,Madison,Standard
ZIP Code 13123,Oneida,P.O. Box
ZIP Code 13124,Chenango,Standard
ZIP Code 13126,Oswego,Standard
ZIP Code 13131,Oswego,Standard
ZIP Code 13132,Oswego,Standard
ZIP Code 13134,Madison,P.O. Box
ZIP Code 13135,Oswego,Standard
ZIP Code 13136,Chenango,Standard
ZIP Code 13137,Onondaga,P.O. Box
ZIP Code 13138,Onondaga,P.O. Box
ZIP Code 13139,Cayuga,P.O. Box
ZIP Code 13140,Cayuga,Standard
ZIP Code 13141,Cortland,Standard
ZIP Code 13142,Oswego,Standard
ZIP Code 13143,Wayne,Standard
ZIP Code 13144,Oswego,Standard
ZIP Code 13145,Oswego,Standard
ZIP Code 13146,Wayne,Standard
ZIP Code 13147,Cayuga,Standard
ZIP Code 13148,Seneca,Standard
ZIP Code 13152,Onondaga,Standard
ZIP Code 13153,Onondaga,P.O. Box
ZIP Code 13154,Wayne,P.O. Box
ZIP Code 13155,Chenango,Standard
ZIP Code 13156,Cayuga,Standard
ZIP Code 13157,Oneida,P.O. Box
ZIP Code 13158,Cortland,Standard
ZIP Code 13159,Onondaga,Standard
ZIP Code 13160,Cayuga,Standard
ZIP Code 13162,Oneida,P.O. Box
ZIP Code 13163,Madison,P.O. Box
ZIP Code 13164,Onondaga,Standard
ZIP Code 13165,Seneca,Standard
ZIP Code 13166,Cayuga,Standard
ZIP Code 13167,Oswego,Standard
ZIP Code 13201,Onondaga,P.O. Box
ZIP Code 13202,Onondaga,Standard
ZIP Code 13203,Onondaga,Standard
ZIP Code 13204,Onondaga,Standard
ZIP Code 13205,Onondaga,Standard
ZIP Code 13206,Onondaga,Standard
ZIP Code 13207,Onondaga,Standard
ZIP Code 13208,Onondaga,Standard
ZIP Code 13209,Onondaga,Standard
ZIP Code 13210,Onondaga,Standard
ZIP Code 13211,Onondaga,Standard
ZIP Code 13212,Onondaga,Standard
ZIP Code 13214,Onondaga,Standard
ZIP Code 13215,Onondaga,Standard
ZIP Code 13217,Onondaga,P.O. Box
ZIP Code 13218,Onondaga,P.O. Box
ZIP Code 13219,Onondaga,Standard
ZIP Code 13220,Onondaga,P.O. Box
ZIP Code 13221,Onondaga,P.O. Box
ZIP Code 13224,Onondaga,Standard
ZIP Code 13225,Onondaga,Unique
ZIP Code 13235,Onondaga,P.O. Box
ZIP Code 13244,Onondaga,Unique
ZIP Code 13250,Onondaga,Unique
ZIP Code 13251,Onondaga,Unique
ZIP Code 13252,Onondaga,Unique
ZIP Code 13261,Onondaga,P.O. Box
ZIP Code 13290,Onondaga,Standard
ZIP Code 13301,Oneida,Standard
ZIP Code 13302,Oswego,Standard
ZIP Code 13303,Oneida,Standard
ZIP Code 13304,Oneida,Standard
ZIP Code 13305,Lewis,P.O. Box
ZIP Code 13308,Oneida,Standard
ZIP Code 13309,Oneida,Standard
ZIP Code 13310,Madison,Standard
ZIP Code 13312,Lewis,P.O. Box
ZIP Code 13313,Oneida,P.O. Box
ZIP Code 13314,Madison,Standard
ZIP Code 13315,Otsego,Standard
ZIP Code 13316,Oneida,Standard
ZIP Code 13317,Montgomery,Standard
ZIP Code 13318,Oneida,Standard
ZIP Code 13319,Oneida,Standard
ZIP Code 13320,Otsego,Standard
ZIP Code 13321,Oneida,P.O. Box
ZIP Code 13322,Oneida,Standard
ZIP Code 13323,Oneida,Standard
ZIP Code 13324,Herkimer,Standard
ZIP Code 13325,Lewis,Standard
ZIP Code 13326,Otsego,Standard
ZIP Code 13327,Lewis,Standard
ZIP Code 13328,Oneida,Standard
ZIP Code 13329,Herkimer,Standard
ZIP Code 13331,Herkimer,Standard
ZIP Code 13332,Chenango,Standard
ZIP Code 13333,Otsego,Standard
ZIP Code 13334,Madison,Standard
ZIP Code 13335,Otsego,Standard
ZIP Code 13337,Otsego,Standard
ZIP Code 13338,Oneida,Standard
ZIP Code 13339,Montgomery,Standard
ZIP Code 13340,Herkimer,Standard
ZIP Code 13341,Oneida,P.O. Box
ZIP Code 13342,Otsego,Standard
ZIP Code 13343,Lewis,Standard
ZIP Code 13345,Lewis,Standard
ZIP Code 13346,Madison,Standard
ZIP Code 13348,Otsego,Standard
ZIP Code 13350,Herkimer,Standard
ZIP Code 13352,Oneida,P.O. Box
ZIP Code 13353,Hamilton,P.O. Box
ZIP Code 13354,Oneida,Standard
ZIP Code 13355,Madison,Standard
ZIP Code 13357,Herkimer,Standard
ZIP Code 13360,Hamilton,Standard
ZIP Code 13361,Herkimer,Standard
ZIP Code 13362,Oneida,P.O. Box
ZIP Code 13363,Oneida,Standard
ZIP Code 13364,Madison,P.O. Box
ZIP Code 13365,Herkimer,Standard
ZIP Code 13367,Lewis,Standard
ZIP Code 13368,Lewis,Standard
ZIP Code 13401,Oneida,P.O. Box
ZIP Code 13402,Madison,Standard
ZIP Code 13403,Oneida,Standard
ZIP Code 13404,Lewis,P.O. Box
ZIP Code 13406,Herkimer,Standard
ZIP Code 13407,Herkimer,Standard
ZIP Code 13408,Madison,Standard
ZIP Code 13409,Madison,Standard
ZIP Code 13410,Montgomery,P.O. Box
ZIP Code 13411,Chenango,Standard
ZIP Code 13413,Oneida,Standard
ZIP Code 13415,Otsego,Standard
ZIP Code 13416,Herkimer,Standard
ZIP Code 13417,Oneida,Standard
ZIP Code 13418,Madison,Standard
ZIP Code 13420,Herkimer,Standard
ZIP Code 13421,Madison,Standard
ZIP Code 13424,Oneida,Standard
ZIP Code 13425,Oneida,Standard
ZIP Code 13426,Oswego,P.O. Box
ZIP Code 13428,Montgomery,Standard
ZIP Code 13431,Herkimer,Standard
ZIP Code 13433,Lewis,Standard
ZIP Code 13435,Oneida,P.O. Box
ZIP Code 13436,Hamilton,Standard
ZIP Code 13437,Oswego,Standard
ZIP Code 13438,Oneida,Standard
ZIP Code 13439,Otsego,Standard
ZIP Code 13440,Oneida,Standard
ZIP Code 13441,Oneida,Standard
ZIP Code 13442,Oneida,P.O. Box
ZIP Code 13449,Oneida,Unique
ZIP Code 13450,Otsego,Standard
ZIP Code 13452,Montgomery,Standard
ZIP Code 13454,Herkimer,Standard
ZIP Code 13455,Oneida,P.O. Box
ZIP Code 13456,Oneida,Standard
ZIP Code 13457,Otsego,P.O. Box
ZIP Code 13459,Schoharie,Standard
ZIP Code 13460,Chenango,Standard
ZIP Code 13461,Oneida,Standard
ZIP Code 13464,Chenango,Standard
ZIP Code 13465,Madison,Standard
ZIP Code 13468,Otsego,Standard
ZIP Code 13469,Oneida,Standard
ZIP Code 13470,Fulton,Standard
ZIP Code 13471,Oneida,Standard
ZIP Code 13472,Herkimer,P.O. Box
ZIP Code 13473,Lewis,Standard
ZIP Code 13475,Herkimer,Standard
ZIP Code 13476,Oneida,Standard
ZIP Code 13477,Oneida,Standard
ZIP Code 13478,Oneida,Standard
ZIP Code 13479,Oneida,P.O. Box
ZIP Code 13480,Oneida,Standard
ZIP Code 13482,Otsego,Standard
ZIP Code 13483,Oneida,Standard
ZIP Code 13484,Madison,P.O. Box
ZIP Code 13485,Madison,Standard
ZIP Code 13486,Oneida,Standard
ZIP Code 13488,Otsego,Standard
ZIP Code 13489,Lewis,Standard
ZIP Code 13490,Oneida,Standard
ZIP Code 13491,Herkimer,Standard
ZIP Code 13492,Oneida,Standard
ZIP Code 13493,Oswego,Standard
ZIP Code 13494,Oneida,Standard
ZIP Code 13495,Oneida,Standard
ZIP Code 13501,Oneida,Standard
ZIP Code 13502,Oneida,Standard
ZIP Code 13503,Oneida,P.O. Box
ZIP Code 13504,Oneida,P.O. Box
ZIP Code 13505,Oneida,P.O. Box
ZIP Code 13599,Oneida,Unique
ZIP Code 13601,Jefferson,Standard
ZIP Code 13602,Jefferson,Standard
ZIP Code 13603,Jefferson,Standard
ZIP Code 13605,Jefferson,Standard
ZIP Code 13606,Jefferson,Standard
ZIP Code 13607,Jefferson,Standard
ZIP Code 13608,Jefferson,Standard
ZIP Code 13611,Jefferson,P.O. Box
ZIP Code 13612,Jefferson,Standard
ZIP Code 13613,Saint Lawrence,Standard
ZIP Code 13614,Saint Lawrence,Standard
ZIP Code 13615,Jefferson,P.O. Box
ZIP Code 13616,Jefferson,Standard
ZIP Code 13617,Saint Lawrence,Standard
ZIP Code 13618,Jefferson,Standard
ZIP Code 13619,Jefferson,Standard
ZIP Code 13620,Lewis,Standard
ZIP Code 13621,Saint Lawrence,Standard
ZIP Code 13622,Jefferson,Standard
ZIP Code 13623,Saint Lawrence,P.O. Box
ZIP Code 13624,Jefferson,Standard
ZIP Code 13625,Saint Lawrence,Standard
ZIP Code 13626,Lewis,Standard
ZIP Code 13627,Lewis,P.O. Box
ZIP Code 13628,Jefferson,P.O. Box
ZIP Code 13630,Saint Lawrence,Standard
ZIP Code 13631,Lewis,P.O. Box
ZIP Code 13632,Jefferson,P.O. Box
ZIP Code 13633,Saint Lawrence,Standard
ZIP Code 13634,Jefferson,Standard
ZIP Code 13635,Saint Lawrence,Standard
ZIP Code 13636,Jefferson,Standard
ZIP Code 13637,Jefferson,Standard
ZIP Code 13638,Jefferson,Standard
ZIP Code 13639,Saint Lawrence,Standard
ZIP Code 13640,Jefferson,Standard
ZIP Code 13641,Jefferson,P.O. Box
ZIP Code 13642,Saint Lawrence,Standard
ZIP Code 13643,Jefferson,P.O. Box
ZIP Code 13645,Saint Lawrence,P.O. Box
ZIP Code 13646,Saint Lawrence,Standard
ZIP Code 13647,Saint Lawrence,P.O. Box
ZIP Code 13648,Lewis,Standard
ZIP Code 13649,Saint Lawrence,P.O. Box
ZIP Code 13650,Jefferson,Standard
ZIP Code 13651,Jefferson,P.O. Box
ZIP Code 13652,Saint Lawrence,Standard
ZIP Code 13654,Saint Lawrence,Standard
ZIP Code 13655,Franklin,Standard
ZIP Code 13656,Jefferson,Standard
ZIP Code 13657,Jefferson,P.O. Box
ZIP Code 13658,Saint Lawrence,Standard
ZIP Code 13659,Jefferson,Standard
ZIP Code 13660,Saint Lawrence,Standard
ZIP Code 13661,Jefferson,Standard
ZIP Code 13662,Saint Lawrence,Standard
ZIP Code 13664,Saint Lawrence,Standard
ZIP Code 13665,Jefferson,Standard
ZIP Code 13666,Saint Lawrence,P.O. Box
ZIP Code 13667,Saint Lawrence,Standard
ZIP Code 13668,Saint Lawrence,Standard
ZIP Code 13669,Saint Lawrence,Standard
ZIP Code 13670,Saint Lawrence,Standard
ZIP Code 13671,Jefferson,P.O. Box
ZIP Code 13672,Saint Lawrence,Standard
ZIP Code 13673,Jefferson,Standard
ZIP Code 13674,Jefferson,P.O. Box
ZIP Code 13675,Jefferson,Standard
ZIP Code 13676,Saint Lawrence,Standard
ZIP Code 13677,Saint Lawrence,P.O. Box
ZIP Code 13678,Saint Lawrence,P.O. Box
ZIP Code 13679,Jefferson,Standard
ZIP Code 13680,Saint Lawrence,Standard
ZIP Code 13681,Saint Lawrence,Standard
ZIP Code 13682,Jefferson,Standard
ZIP Code 13683,Saint Lawrence,P.O. Box
ZIP Code 13684,Saint Lawrence,Standard
ZIP Code 13685,Jefferson,Standard
ZIP Code 13687,Saint Lawrence,Standard
ZIP Code 13690,Saint Lawrence,Standard
ZIP Code 13691,Jefferson,Standard
ZIP Code 13692,Jefferson,P.O. Box
ZIP Code 13693,Jefferson,Standard
ZIP Code 13694,Saint Lawrence,Standard
ZIP Code 13695,Saint Lawrence,P.O. Box
ZIP Code 13696,Saint Lawrence,Standard
ZIP Code 13697,Saint Lawrence,Standard
ZIP Code 13699,Saint Lawrence,Unique
ZIP Code 13730,Chenango,Standard
ZIP Code 13731,Delaware,Standard
ZIP Code 13732,Tioga,Standard
ZIP Code 13733,Chenango,Standard
ZIP Code 13734,Tioga,Standard
ZIP Code 13736,Tioga,Standard
ZIP Code 13737,Broome,P.O. Box
ZIP Code 13738,Cortland,P.O. Box
ZIP Code 13739,Delaware,Standard
ZIP Code 13740,Delaware,Standard
ZIP Code 13743,Tioga,Standard
ZIP Code 13744,Broome,Standard
ZIP Code 13745,Broome,P.O. Box
ZIP Code 13746,Broome,Standard
ZIP Code 13747,Otsego,P.O. Box
ZIP Code 13748,Broome,Standard
ZIP Code 13749,Broome,P.O. Box
ZIP Code 13750,Delaware,Standard
ZIP Code 13751,Delaware,Standard
ZIP Code 13752,Delaware,Standard
ZIP Code 13753,Delaware,Standard
ZIP Code 13754,Broome,Standard
ZIP Code 13755,Delaware,Standard
ZIP Code 13756,Delaware,Standard
ZIP Code 13757,Delaware,Standard
ZIP Code 13758,Chenango,P.O. Box
ZIP Code 13760,Broome,Standard
ZIP Code 13761,Broome,P.O. Box
ZIP Code 13762,Broome,P.O. Box
ZIP Code 13763,Broome,P.O. Box
ZIP Code 13774,Delaware,P.O. Box
ZIP Code 13775,Delaware,Standard
ZIP Code 13776,Otsego,Standard
ZIP Code 13777,Broome,Standard
ZIP Code 13778,Chenango,Standard
ZIP Code 13780,Chenango,Standard
ZIP Code 13782,Delaware,Standard
ZIP Code 13783,Delaware,Standard
ZIP Code 13784,Cortland,P.O. Box
ZIP Code 13786,Delaware,Standard
ZIP Code 13787,Broome,Standard
ZIP Code 13788,Delaware,Standard
ZIP Code 13790,Broome,Standard
ZIP Code 13794,Broome,P.O. Box
ZIP Code 13795,Broome,Standard
ZIP Code 13796,Otsego,Standard
ZIP Code 13797,Broome,Standard
ZIP Code 13801,Chenango,Standard
ZIP Code 13802,Broome,Standard
ZIP Code 13803,Cortland,Standard
ZIP Code 13804,Delaware,Standard
ZIP Code 13806,Delaware,Standard
ZIP Code 13807,Otsego,Standard
ZIP Code 13808,Otsego,Standard
ZIP Code 13809,Chenango,Standard
ZIP Code 13810,Otsego,Standard
ZIP Code 13811,Tioga,Standard
ZIP Code 13812,Tioga,Standard
ZIP Code 13813,Broome,Standard
ZIP Code 13814,Chenango,P.O. Box
ZIP Code 13815,Chenango,Standard
ZIP Code 13820,Otsego,Standard
ZIP Code 13825,Otsego,Standard
ZIP Code 13826,Broome,Standard
ZIP Code 13827,Tioga,Standard
ZIP Code 13830,Chenango,Standard
ZIP Code 13832,Chenango,Standard
ZIP Code 13833,Broome,Standard
ZIP Code 13834,Otsego,Standard
ZIP Code 13835,Tioga,Standard
ZIP Code 13838,Delaware,Standard
ZIP Code 13839,Delaware,Standard
ZIP Code 13840,Tioga,P.O. Box
ZIP Code 13841,Chenango,Standard
ZIP Code 13842,Delaware,Standard
ZIP Code 13843,Chenango,Standard
ZIP Code 13844,Chenango,Standard
ZIP Code 13845,Tioga,P.O. Box
ZIP Code 13846,Delaware,Standard
ZIP Code 13847,Delaware,P.O. Box
ZIP Code 13848,Broome,P.O. Box
ZIP Code 13849,Otsego,Standard
ZIP Code 13850,Broome,Standard
ZIP Code 13851,Broome,P.O. Box
ZIP Code 13856,Delaware,Standard
ZIP Code 13859,Otsego,Standard
ZIP Code 13860,Delaware,P.O. Box
ZIP Code 13861,Otsego,Standard
ZIP Code 13862,Broome,Standard
ZIP Code 13863,Cortland,Standard
ZIP Code 13864,Tioga,Standard
ZIP Code 13865,Broome,Standard
ZIP Code 13901,Broome,Standard
ZIP Code 13902,Broome,P.O. Box
ZIP Code 13903,Broome,Standard
ZIP Code 13904,Broome,Standard
ZIP Code 13905,Broome,Standard
ZIP Code 14001,Erie,Standard
ZIP Code 14004,Erie,Standard
ZIP Code 14005,Genesee,Standard
ZIP Code 14006,Erie,Standard
ZIP Code 14008,Niagara,Standard
ZIP Code 14009,Wyoming,Standard
ZIP Code 14010,Erie,P.O. Box
ZIP Code 14011,Wyoming,Standard
ZIP Code 14012,Niagara,Standard
ZIP Code 14013,Genesee,Standard
ZIP Code 14020,Genesee,Standard
ZIP Code 14021,Genesee,P.O. Box
ZIP Code 14024,Wyoming,Standard
ZIP Code 14025,Erie,Standard
ZIP Code 14026,Erie,Standard
ZIP Code 14027,Erie,P.O. Box
ZIP Code 14028,Niagara,Standard
ZIP Code 14029,Allegany,P.O. Box
ZIP Code 14030,Erie,Standard
ZIP Code 14031,Erie,Standard
ZIP Code 14032,Erie,Standard
ZIP Code 14033,Erie,Standard
ZIP Code 14034,Erie,Standard
ZIP Code 14035,Erie,P.O. Box
ZIP Code 14036,Genesee,Standard
ZIP Code 14037,Wyoming,Standard
ZIP Code 14038,Erie,P.O. Box
ZIP Code 14039,Wyoming,Standard
ZIP Code 14040,Genesee,Standard
ZIP Code 14041,Cattaraugus,Standard
ZIP Code 14042,Cattaraugus,Standard
ZIP Code 14043,Erie,Standard
ZIP Code 14047,Erie,Standard
ZIP Code 14048,Chautauqua,Standard
ZIP Code 14051,Erie,Standard
ZIP Code 14052,Erie,Standard
ZIP Code 14054,Genesee,Standard
ZIP Code 14055,Erie,Standard
ZIP Code 14056,Genesee,P.O. Box
ZIP Code 14057,Erie,Standard
ZIP Code 14058,Genesee,Standard
ZIP Code 14059,Erie,Standard
ZIP Code 14060,Cattaraugus,Standard
ZIP Code 14061,Erie,P.O. Box
ZIP Code 14062,Chautauqua,Standard
ZIP Code 14063,Chautauqua,Standard
ZIP Code 14065,Cattaraugus,Standard
ZIP Code 14066,Wyoming,Standard
ZIP Code 14067,Niagara,Standard
ZIP Code 14068,Erie,Standard
ZIP Code 14069,Erie,Standard
ZIP Code 14070,Cattaraugus,Standard
ZIP Code 14072,Erie,Standard
ZIP Code 14075,Erie,Standard
ZIP Code 14080,Erie,Standard
ZIP Code 14081,Chautauqua,Standard
ZIP Code 14082,Wyoming,Standard
ZIP Code 14083,Wyoming,Standard
ZIP Code 14085,Erie,Standard
ZIP Code 14086,Erie,Standard
ZIP Code 14091,Erie,Standard
ZIP Code 14092,Niagara,Standard
ZIP Code 14094,Niagara,Standard
ZIP Code 14095,Niagara,P.O. Box
ZIP Code 14098,Orleans,Standard
ZIP Code 14101,Cattaraugus,Standard
ZIP Code 14102,Erie,Standard
ZIP Code 14103,Orleans,Standard
ZIP Code 14105,Niagara,Standard
ZIP Code 14107,Niagara,P.O. Box
ZIP Code 14108,Niagara,Standard
ZIP Code 14109,Niagara,P.O. Box
ZIP Code 14110,Erie,P.O. Box
ZIP Code 14111,Erie,Standard
ZIP Code 14112,Erie,P.O. Box
ZIP Code 14113,Wyoming,Standard
ZIP Code 14120,Niagara,Standard
ZIP Code 14125,Genesee,Standard
ZIP Code 14126,Niagara,P.O. Box
ZIP Code 14127,Erie,Standard
ZIP Code 14129,Cattaraugus,Standard
ZIP Code 14130,Wyoming,P.O. Box
ZIP Code 14131,Niagara,Standard
ZIP Code 14132,Niagara,Standard
ZIP Code 14133,Cattaraugus,P.O. Box
ZIP Code 14134,Erie,Standard
ZIP Code 14135,Chautauqua,P.O. Box
ZIP Code 14136,Chautauqua,Standard
ZIP Code 14138,Cattaraugus,Standard
ZIP Code 14139,Erie,Standard
ZIP Code 14140,Erie,P.O. Box
ZIP Code 14141,Erie,Standard
ZIP Code 14143,Genesee,Standard
ZIP Code 14144,Niagara,Standard
ZIP Code 14145,Wyoming,Standard
ZIP Code 14150,Erie,Standard
ZIP Code 14151,Erie,P.O. Box
ZIP Code 14166,Chautauqua,P.O. Box
ZIP Code 14167,Wyoming,Standard
ZIP Code 14168,Cattaraugus,P.O. Box
ZIP Code 14169,Erie,P.O. Box
ZIP Code 14170,Erie,Standard
ZIP Code 14171,Cattaraugus,Standard
ZIP Code 14172,Niagara,Standard
ZIP Code 14173,Cattaraugus,P.O. Box
ZIP Code 14174,Niagara,Standard
ZIP Code 14201,Erie,Standard
ZIP Code 14202,Erie,Standard
ZIP Code 14203,Erie,Standard
ZIP Code 14204,Erie,Standard
ZIP Code 14205,Erie,P.O. Box
ZIP Code 14206,Erie,Standard
ZIP Code 14207,Erie,Standard
ZIP Code 14208,Erie,Standard
ZIP Code 14209,Erie,Standard
ZIP Code 14210,Erie,Standard
ZIP Code 14211,Erie,Standard
ZIP Code 14212,Erie,Standard
ZIP Code 14213,Erie,Standard
ZIP Code 14214,Erie,Standard
ZIP Code 14215,Erie,Standard
ZIP Code 14216,Erie,Standard
ZIP Code 14217,Erie,Standard
ZIP Code 14218,Erie,Standard
ZIP Code 14219,Erie,Standard
ZIP Code 14220,Erie,Standard
ZIP Code 14221,Erie,Standard
ZIP Code 14222,Erie,Standard
ZIP Code 14223,Erie,Standard
ZIP Code 14224,Erie,Standard
ZIP Code 14225,Erie,Standard
ZIP Code 14226,Erie,Standard
ZIP Code 14227,Erie,Standard
ZIP Code 14228,Erie,Standard
ZIP Code 14231,Erie,P.O. Box
ZIP Code 14233,Erie,Unique
ZIP Code 14240,Erie,P.O. Box
ZIP Code 14241,Erie,Unique
ZIP Code 14260,Erie,Unique
ZIP Code 14261,Erie,Unique
ZIP Code 14263,Erie,Unique
ZIP Code 14264,Erie,Unique
ZIP Code 14265,Erie,Unique
ZIP Code 14267,Erie,Unique
ZIP Code 14269,Erie,Unique
ZIP Code 14270,Erie,Unique
ZIP Code 14272,Erie,Unique
ZIP Code 14273,Erie,Unique
ZIP Code 14276,Erie,Unique
ZIP Code 14280,Erie,Unique
ZIP Code 14301,Niagara,Standard
ZIP Code 14302,Niagara,P.O. Box
ZIP Code 14303,Niagara,Standard
ZIP Code 14304,Niagara,Standard
ZIP Code 14305,Niagara,Standard
ZIP Code 14410,Monroe,P.O. Box
ZIP Code 14411,Orleans,Standard
ZIP Code 14413,Wayne,P.O. Box
ZIP Code 14414,Livingston,Standard
ZIP Code 14415,Yates,Standard
ZIP Code 14416,Genesee,Standard
ZIP Code 14418,Yates,Standard
ZIP Code 14420,Monroe,Standard
ZIP Code 14422,Genesee,Standard
ZIP Code 14423,Livingston,Standard
ZIP Code 14424,Ontario,Standard
ZIP Code 14425,Ontario,Standard
ZIP Code 14427,Wyoming,Standard
ZIP Code 14428,Monroe,Standard
ZIP Code 14429,Orleans,P.O. Box
ZIP Code 14430,Monroe,P.O. Box
ZIP Code 14432,Ontario,Standard
ZIP Code 14433,Wayne,Standard
ZIP Code 14435,Livingston,Standard
ZIP Code 14437,Livingston,Standard
ZIP Code 14441,Yates,Standard
ZIP Code 14443,Ontario,P.O. Box
ZIP Code 14445,Monroe,Standard
ZIP Code 14449,Wayne,P.O. Box
ZIP Code 14450,Monroe,Standard
ZIP Code 14452,Orleans,P.O. Box
ZIP Code 14453,Ontario,P.O. Box
ZIP Code 14454,Livingston,Standard
ZIP Code 14456,Ontario,Standard
ZIP Code 14461,Ontario,P.O. Box
ZIP Code 14462,Livingston,Standard
ZIP Code 14463,Ontario,P.O. Box
ZIP Code 14464,Monroe,Standard
ZIP Code 14466,Livingston,Standard
ZIP Code 14467,Monroe,Standard
ZIP Code 14468,Monroe,Standard
ZIP Code 14469,Ontario,Standard
ZIP Code 14470,Orleans,Standard
ZIP Code 14471,Ontario,Standard
ZIP Code 14472,Monroe,Standard
ZIP Code 14475,Ontario,Standard
ZIP Code 14476,Orleans,Standard
ZIP Code 14477,Orleans,Standard
ZIP Code 14478,Yates,Standard
ZIP Code 14479,Orleans,Standard
ZIP Code 14480,Livingston,Standard
ZIP Code 14481,Livingston,Standard
ZIP Code 14482,Genesee,Standard
ZIP Code 14485,Livingston,Standard
ZIP Code 14486,Livingston,Standard
ZIP Code 14487,Livingston,Standard
ZIP Code 14488,Livingston,P.O. Box
ZIP Code 14489,Wayne,Standard
ZIP Code 14502,Wayne,Standard
ZIP Code 14504,Ontario,Standard
ZIP Code 14505,Wayne,Standard
ZIP Code 14506,Monroe,Standard
ZIP Code 14507,Yates,Standard
ZIP Code 14508,Monroe,P.O. Box
ZIP Code 14510,Livingston,Standard
ZIP Code 14511,Monroe,P.O. Box
ZIP Code 14512,Ontario,Standard
ZIP Code 14513,Wayne,Standard
ZIP Code 14514,Monroe,Standard
ZIP Code 14515,Monroe,P.O. Box
ZIP Code 14516,Wayne,Standard
ZIP Code 14517,Livingston,Standard
ZIP Code 14518,Ontario,P.O. Box
ZIP Code 14519,Wayne,Standard
ZIP Code 14520,Wayne,P.O. Box
ZIP Code 14521,Seneca,Standard
ZIP Code 14522,Wayne,Standard
ZIP Code 14525,Genesee,Standard
ZIP Code 14526,Monroe,Standard
ZIP Code 14527,Yates,Standard
ZIP Code 14529,Steuben,P.O. Box
ZIP Code 14530,Wyoming,Standard
ZIP Code 14532,Ontario,Standard
ZIP Code 14533,Livingston,Standard
ZIP Code 14534,Monroe,Standard
ZIP Code 14536,Wyoming,Standard
ZIP Code 14537,Ontario,P.O. Box
ZIP Code 14538,Wayne,P.O. Box
ZIP Code 14539,Livingston,P.O. Box
ZIP Code 14541,Seneca,Standard
ZIP Code 14542,Wayne,P.O. Box
ZIP Code 14543,Monroe,Standard
ZIP Code 14544,Yates,Standard
ZIP Code 14545,Livingston,Standard
ZIP Code 14546,Monroe,Standard
ZIP Code 14547,Ontario,P.O. Box
ZIP Code 14548,Ontario,Standard
ZIP Code 14549,Wyoming,P.O. Box
ZIP Code 14550,Wyoming,Standard
ZIP Code 14551,Wayne,Standard
ZIP Code 14555,Wayne,Standard
ZIP Code 14556,Livingston,P.O. Box
ZIP Code 14557,Genesee,P.O. Box
ZIP Code 14558,Livingston,P.O. Box
ZIP Code 14559,Monroe,Standard
ZIP Code 14560,Livingston,Standard
ZIP Code 14561,Ontario,Standard
ZIP Code 14563,Wayne,P.O. Box
ZIP Code 14564,Ontario,Standard
ZIP Code 14568,Wayne,Standard
ZIP Code 14569,Wyoming,Standard
ZIP Code 14571,Orleans,Standard
ZIP Code 14572,Steuben,Standard
ZIP Code 14580,Monroe,Standard
ZIP Code 14585,Ontario,Standard
ZIP Code 14586,Monroe,Standard
ZIP Code 14588,Seneca,P.O. Box
ZIP Code 14589,Wayne,Standard
ZIP Code 14590,Wayne,Standard
ZIP Code 14591,Wyoming,Standard
ZIP Code 14592,Livingston,P.O. Box
ZIP Code 14602,Monroe,P.O. Box
ZIP Code 14603,Monroe,P.O. Box
ZIP Code 14604,Monroe,Standard
ZIP Code 14605,Monroe,Standard
ZIP Code 14606,Monroe,Standard
ZIP Code 14607,Monroe,Standard
ZIP Code 14608,Monroe,Standard
ZIP Code 14609,Monroe,Standard
ZIP Code 14610,Monroe,Standard
ZIP Code 14611,Monroe,Standard
ZIP Code 14612,Monroe,Standard
ZIP Code 14613,Monroe,Standard
ZIP Code 14614,Monroe,Standard
ZIP Code 14615,Monroe,Standard
ZIP Code 14616,Monroe,Standard
ZIP Code 14617,Monroe,Standard
ZIP Code 14618,Monroe,Standard
ZIP Code 14619,Monroe,Standard
ZIP Code 14620,Monroe,Standard
ZIP Code 14621,Monroe,Standard
ZIP Code 14622,Monroe,Standard
ZIP Code 14623,Monroe,Standard
ZIP Code 14624,Monroe,Standard
ZIP Code 14625,Monroe,Standard
ZIP Code 14626,Monroe,Standard
ZIP Code 14627,Monroe,P.O. Box
ZIP Code 14638,Monroe,Unique
ZIP Code 14639,Monroe,Unique
ZIP Code 14642,Monroe,Unique
ZIP Code 14643,Monroe,Unique
ZIP Code 14644,Monroe,Unique
ZIP Code 14646,Monroe,Unique
ZIP Code 14647,Monroe,Unique
ZIP Code 14649,Monroe,Unique
ZIP Code 14650,Monroe,Unique
ZIP Code 14651,Monroe,Unique
ZIP Code 14652,Monroe,Unique
ZIP Code 14653,Monroe,Unique
ZIP Code 14692,Monroe,P.O. Box
ZIP Code 14694,Monroe,Unique
ZIP Code 14701,Chautauqua,Standard
ZIP Code 14702,Chautauqua,P.O. Box
ZIP Code 14706,Cattaraugus,Standard
ZIP Code 14707,Allegany,P.O. Box
ZIP Code 14708,Allegany,Standard
ZIP Code 14709,Allegany,Standard
ZIP Code 14710,Chautauqua,Standard
ZIP Code 14711,Allegany,Standard
ZIP Code 14712,Chautauqua,Standard
ZIP Code 14714,Allegany,Standard
ZIP Code 14715,Allegany,Standard
ZIP Code 14716,Chautauqua,Standard
ZIP Code 14717,Allegany,Standard
ZIP Code 14718,Chautauqua,Standard
ZIP Code 14719,Cattaraugus,Standard
ZIP Code 14720,Chautauqua,P.O. Box
ZIP Code 14721,Allegany,Standard
ZIP Code 14722,Chautauqua,P.O. Box
ZIP Code 14723,Chautauqua,Standard
ZIP Code 14724,Chautauqua,Standard
ZIP Code 14726,Cattaraugus,Standard
ZIP Code 14727,Allegany,Standard
ZIP Code 14728,Chautauqua,Standard
ZIP Code 14729,Cattaraugus,Standard
ZIP Code 14730,Cattaraugus,P.O. Box
ZIP Code 14731,Cattaraugus,Standard
ZIP Code 14732,Chautauqua,P.O. Box
ZIP Code 14733,Chautauqua,Standard
ZIP Code 14735,Allegany,Standard
ZIP Code 14736,Chautauqua,Standard
ZIP Code 14737,Cattaraugus,Standard
ZIP Code 14738,Chautauqua,Standard
ZIP Code 14739,Allegany,Standard
ZIP Code 14740,Chautauqua,Standard
ZIP Code 14741,Cattaraugus,Standard
ZIP Code 14742,Chautauqua,P.O. Box
ZIP Code 14743,Cattaraugus,Standard
ZIP Code 14744,Allegany,Standard
ZIP Code 14745,Allegany,P.O. Box
ZIP Code 14747,Chautauqua,Standard
ZIP Code 14748,Cattaraugus,Standard
ZIP Code 14750,Chautauqua,Standard
ZIP Code 14751,Cattaraugus,P.O. Box
ZIP Code 14752,Chautauqua,P.O. Box
ZIP Code 14753,Cattaraugus,Standard
ZIP Code 14754,Allegany,Standard
ZIP Code 14755,Cattaraugus,Standard
ZIP Code 14756,Chautauqua,P.O. Box
ZIP Code 14757,Chautauqua,Standard
ZIP Code 14758,Chautauqua,P.O. Box
ZIP Code 14760,Cattaraugus,Standard
ZIP Code 14766,Cattaraugus,P.O. Box
ZIP Code 14767,Chautauqua,Standard
ZIP Code 14769,Chautauqua,Standard
ZIP Code 14770,Cattaraugus,Standard
ZIP Code 14772,Cattaraugus,Standard
ZIP Code 14774,Allegany,P.O. Box
ZIP Code 14775,Chautauqua,Standard
ZIP Code 14777,Allegany,Standard
ZIP Code 14778,Cattaraugus,P.O. Box
ZIP Code 14779,Cattaraugus,Standard
ZIP Code 14781,Chautauqua,Standard
ZIP Code 14782,Chautauqua,Standard
ZIP Code 14783,Cattaraugus,P.O. Box
ZIP Code 14784,Chautauqua,Standard
ZIP Code 14785,Chautauqua,P.O. Box
ZIP Code 14786,Allegany,P.O. Box
ZIP Code 14787,Chautauqua,Standard
ZIP Code 14788,Cattaraugus,P.O. Box
ZIP Code 14801,Steuben,Standard
ZIP Code 14802,Allegany,Standard
ZIP Code 14803,Allegany,Standard
ZIP Code 14804,Allegany,Standard
ZIP Code 14805,Schuyler,Standard
ZIP Code 14806,Allegany,Standard
ZIP Code 14807,Steuben,Standard
ZIP Code 14808,Steuben,Standard
ZIP Code 14809,Steuben,Standard
ZIP Code 14810,Steuben,Standard
ZIP Code 14812,Schuyler,Standard
ZIP Code 14813,Allegany,Standard
ZIP Code 14814,Chemung,Standard
ZIP Code 14815,Schuyler,Standard
ZIP Code 14816,Chemung,Standard
ZIP Code 14817,Tompkins,Standard
ZIP Code 14818,Schuyler,Standard
ZIP Code 14819,Steuben,Standard
ZIP Code 14820,Steuben,Standard
ZIP Code 14821,Steuben,Standard
ZIP Code 14822,Allegany,Standard
ZIP Code 14823,Steuben,Standard
ZIP Code 14824,Schuyler,Standard
ZIP Code 14825,Chemung,Standard
ZIP Code 14826,Steuben,Standard
ZIP Code 14827,Steuben,P.O. Box
ZIP Code 14830,Steuben,Standard
ZIP Code 14831,Steuben,Unique
ZIP Code 14836,Livingston,Standard
ZIP Code 14837,Yates,Standard
ZIP Code 14838,Chemung,Standard
ZIP Code 14839,Steuben,Standard
ZIP Code 14840,Steuben,Standard
ZIP Code 14841,Schuyler,Standard
ZIP Code 14842,Yates,Standard
ZIP Code 14843,Steuben,Standard
ZIP Code 14845,Chemung,Standard
ZIP Code 14846,Livingston,Standard
ZIP Code 14847,Seneca,Standard
ZIP Code 14850,Tompkins,Standard
ZIP Code 14851,Tompkins,P.O. Box
ZIP Code 14852,Tompkins,P.O. Box
ZIP Code 14853,Tompkins,Standard
ZIP Code 14854,Tompkins,P.O. Box
ZIP Code 14855,Steuben,Standard
ZIP Code 14856,Steuben,P.O. Box
ZIP Code 14857,Yates,P.O. Box
ZIP Code 14858,Steuben,Standard
ZIP Code 14859,Tioga,Standard
ZIP Code 14860,Seneca,Standard
ZIP Code 14861,Chemung,Standard
ZIP Code 14863,Schuyler,P.O. Box
ZIP Code 14864,Chemung,Standard
ZIP Code 14865,Schuyler,Standard
ZIP Code 14867,Tompkins,Standard
ZIP Code 14869,Schuyler,Standard
ZIP Code 14870,Steuben,Standard
ZIP Code 14871,Chemung,Standard
ZIP Code 14872,Chemung,Standard
ZIP Code 14873,Steuben,Standard
ZIP Code 14874,Steuben,Standard
ZIP Code 14876,Schuyler,P.O. Box
ZIP Code 14877,Steuben,Standard
ZIP Code 14878,Schuyler,Standard
ZIP Code 14879,Steuben,Standard
ZIP Code 14880,Allegany,Standard
ZIP Code 14881,Tompkins,Standard
ZIP Code 14882,Tompkins,Standard
ZIP Code 14883,Tioga,Standard
ZIP Code 14884,Allegany,Standard
ZIP Code 14885,Steuben,Standard
ZIP Code 14886,Tompkins,Standard
ZIP Code 14887,Schuyler,P.O. Box
ZIP Code 14889,Chemung,Standard
ZIP Code 14891,Schuyler,Standard
ZIP Code 14892,Tioga,Standard
ZIP Code 14893,Schuyler,P.O. Box
ZIP Code 14894,Chemung,Standard
ZIP Code 14895,Allegany,Standard
ZIP Code 14897,Allegany,Standard
ZIP Code 14898,Steuben,Standard
ZIP Code 14901,Chemung,Standard
ZIP Code 14902,Chemung,P.O. Box
ZIP Code 14903,Chemung,Standard
ZIP Code 14904,Chemung,Standard
ZIP Code 14905,Chemung,Standard
